{
  "format" : "1",
  "name":"蘑菇林",
  "needtrack" : 1,
  "resid" : "400014",
  "nodes" :  [
    {
      "type":"2dAnim",
      "dirname" : "mogulin",
      "number"      : 225,
      "width" : 720,
      "height" : 1280,
      "duration" : 66,
      "isloop" : 1,
      "Triggertype" : 0,
      "untilFinish" : 1,
      "position" : "default",
      "anchorX" : 101,
      "anchorY" : 20,
      "ratio" : 1.0,
      "fullscreen" : 1,
      "keepaspect" : 0,
	  "PositionSwitch" : 0
    },
	{
	  "type":"3dAnim",
      "obj" : "huahuan.fbx"
    }
  ]
}
